{
    "category": "General",
    "changelog": "### Code or Repo Maintenance ###\n- Use BaseItemKind (#76) @crobibero",
    "description": "Automatically organize your media",
    "guid": "70b7b43b-471b-4159-b4be-56750c795499",
    "imageUrl": "https://repo.jellyfin.org/releases/plugin/images/jellyfin-plugin-autoorganize.png",
    "name": "Auto Organize",
    "overview": "Automatically organize your media",
    "owner": "jellyfin",
    "targetAbi": "10.8.0.0",
    "timestamp": "2022-01-05T05:03:59Z",
    "version": "11.0.0.0"
}