{
    "category": "Metadata",
    "changelog": "### Dependency updates ###\n- chore(deps): bump release-drafter/release-drafter from v5.14.0 to v5.15.0 (#3) @dependabot\n\n### CI & build changes ###\n- Update ci (#5) @h1dden-da3m0n\n- Let there be CI (#2) @oddstr13\n\n### Code or Repo Maintenance ###\n- chore: plugin images (#4) @h1dden-da3m0n",
    "description": "AniSearch metadata provider\n",
    "guid": "776d9158-b91f-49d9-82c5-dacce63d63b8",
    "imageUrl": "https://repo.jellyfin.org/releases/plugin/images/jellyfin-plugin-anisearch.png",
    "name": "AniSearch",
    "overview": "AniSearch metadata provider",
    "owner": "jellyfin",
    "targetAbi": "10.7.7.0",
    "timestamp": "2021-09-07T21:31:55Z",
    "version": "3.0.0.0"
}