{
    "category": "Metadata",
    "changelog": "### Bug Fixes ###\n- Fix Genre settings (#15) @CommandStorm5\n\n### CI & build changes ###\n- ci: set ABI version and more repo automation (#17) @h1dden-da3m0n",
    "description": "AniList metadata provider\n",
    "guid": "1bd22884-44be-40f3-ad95-fc4a7834ba2c",
    "imageUrl": "https://repo.jellyfin.org/releases/plugin/images/jellyfin-plugin-anilist.png",
    "name": "AniList",
    "overview": "AniList metadata provider",
    "owner": "jellyfin",
    "targetAbi": "10.7.7.0",
    "timestamp": "2021-09-21T20:16:23Z",
    "version": "4.0.0.0"
}