{
    "category": "LiveTV",
    "changelog": "changelog\n",
    "description": "Provides access to Live TV, Program Guide and Recordings from your Windows MediaCenter Server running ServerWMC. Requires ServerWMC to be installed and running on your Windows MediaCenter machine.\n",
    "guid": "1fc322a1-af2e-49a5-b2eb-a89b4240f700",
    "name": "ServerWMC",
    "overview": "Jellyfin Live TV plugin for Windows MediaCenter with ServerWMC",
    "owner": "jellyfin",
    "targetAbi": "10.7.0.0",
    "timestamp": "2021-04-03T17:53:40Z",
    "version": "6.2104.0317.5333"
}