{
    "category": "General",
    "changelog": "### New features and improvements ###\n- Add WWW-Authenticate header to unauthorized response (#14) @crobibero\n- Add Favorites, RecentlyAdded (#12) @crobibero\n\n### CI & build changes ###\n- ci: migrate to centralized Plugin CI workflows (#15) @crobibero",
    "description": "Provides an OPDS feed for book browsing.\n",
    "guid": "f30880ae-3365-449e-b9e6-bf133c8401b0",
    "imageUrl": "https://repo.jellyfin.org/releases/plugin/images/jellyfin-plugin-opds.png",
    "name": "OPDS",
    "overview": "Provides an OPDS book feed",
    "owner": "jellyfin",
    "targetAbi": "10.8.0.0",
    "timestamp": "2022-02-27T22:02:50Z",
    "version": "4.0.0.0"
}