{
    "category": "Metadata",
    "changelog": "- 10.9 (#7) @crobibero\n- Update dependency StyleCop.Analyzers to v1.2.0-beta.556 (#1) @renovate\n- Update workflows (#3) @crobibero",
    "description": "Get music metadata from Discogs\n",
    "guid": "4ce89c27-d3a1-4e4b-8f5f-4bd9191c857e",
    "imageUrl": "https://repo.jellyfin.org/releases/plugin/images/jellyfin-plugin-discogs.png",
    "name": "Discogs",
    "overview": "Get music metadata from Discogs",
    "owner": "jellyfin",
    "targetAbi": "10.9.0.0",
    "timestamp": "2024-05-11T19:28:18Z",
    "version": "1.0.0.0"
}