{
    "category": "General",
    "changelog": "### Bug Fixes ###\n- Retry episode scrobble without IDs if episode was not found by trakt (#102) @SenorSmartyPants\n- Fix episodes with IDs (#100) @SenorSmartyPants\n\n### Code or Repo Maintenance ###\n- 10.8 support (#110) @crobibero\n- Use meta ci (#108) @crobibero\n\n### CI & build changes ###\n- Use meta ci (#108) @crobibero",
    "description": "Record your watched media with Trakt.\n",
    "guid": "4fe3201e-d6ae-4f2e-8917-e12bda571281",
    "imageUrl": "https://repo.jellyfin.org/releases/plugin/images/jellyfin-plugin-trakt.png",
    "name": "Trakt",
    "overview": "Record your watched media with Trakt",
    "owner": "jellyfin",
    "targetAbi": "10.8.0.0",
    "timestamp": "2022-03-27T20:44:42Z",
    "version": "15.0.0.0"
}