{
    "category": "Metadata",
    "changelog": "### Bug Fixes ###\n- Fixes, language improvements, code cleanup & error logging (#67) @MBR-0001",
    "description": "Download subtitles from the internet to use with your media files.",
    "guid": "4b9ed42f-5185-48b5-9803-6ff2989014c4",
    "imageUrl": "https://repo.jellyfin.org/releases/plugin/images/jellyfin-plugin-opensubtitles.png",
    "name": "Open Subtitles",
    "overview": "Download subtitles for your media",
    "owner": "jellyfin",
    "targetAbi": "10.7.7.0",
    "timestamp": "2021-10-21T04:49:46Z",
    "version": "12.0.0.0"
}