{
    "category": "General",
    "changelog": "### Code or Repo Maintenance ###\n- Downgrade log level to reduce spam (#27) @crobibero\n- Fix extracting subtitles, fix memory leak @crobibero",
    "description": "Extracts embedded subtitles.\n",
    "guid": "cd893c24-b59e-4060-87b2-184070e1bf68",
    "imageUrl": "https://repo.jellyfin.org/releases/plugin/images/jellyfin-plugin-subtitleextract.png",
    "name": "Subtitle Extract",
    "overview": "Extracts Subtitles.",
    "owner": "jellyfin",
    "targetAbi": "10.9.0.0",
    "timestamp": "2024-05-12T18:22:29Z",
    "version": "4.0.0.0"
}