{
    "category": "Metadata",
    "changelog": "* Explicit decompress no longer needed (#4) @oddstr13\n* Let there be CI (#3) @oddstr13\n",
    "description": "AniDB metadata provider\n",
    "guid": "a2b2a7ed-aa28-4521-a64a-63d86901f246",
    "imageUrl": "https://repo.jellyfin.org/releases/plugin/images/jellyfin-plugin-anidb.png",
    "name": "AniDB",
    "overview": "AniDB metadata provider",
    "owner": "jellyfin",
    "targetAbi": "10.7.0.0",
    "timestamp": "2021-06-21T21:32:43Z",
    "version": "3.2106.2121.3226"
}