{
    "category": "Notifications",
    "changelog": "### Bug Fixes ###\n- Don't filter on userId for UserCreated notification type (#76) @crobibero\n\n### Code or Repo Maintenance ###\n- Fix CI (#79) @crobibero\n- 10.8 support (#69) @crobibero",
    "description": "Sends notifications to destinations via webhooks.\n",
    "guid": "71552a5a-5c5c-4350-a2ae-ebe451a30173",
    "imageUrl": "https://repo.jellyfin.org/releases/plugin/images/jellyfin-plugin-webhook.png",
    "name": "Webhook",
    "overview": "Sends notifications.",
    "owner": "jellyfin",
    "targetAbi": "10.8.0.0",
    "timestamp": "2022-01-07T20:41:06Z",
    "version": "9.0.0.0"
}