{
    "category": "General",
    "changelog": "- put that thing in the correct place (#85) @crobibero\n\n### Bug Fixes ###\n- add reference to SixLabors.Fonts.dll (#84) @crobibero",
    "description": "Generate reports of your media library",
    "guid": "d4312cd9-5c90-4f38-82e8-51da566790e8",
    "imageUrl": "https://repo.jellyfin.org/releases/plugin/images/jellyfin-plugin-reports.png",
    "name": "Reports",
    "overview": "Generate reports of your media library",
    "owner": "jellyfin",
    "targetAbi": "10.9.0.0",
    "timestamp": "2024-05-11T20:36:28Z",
    "version": "17.0.0.0"
}