{
    "category": "General",
    "changelog": "### Code or Repo Maintenance ###\n- Use BaseItemKind (#52) @crobibero",
    "description": "Generate reports of your media library",
    "guid": "d4312cd9-5c90-4f38-82e8-51da566790e8",
    "imageUrl": "https://repo.jellyfin.org/releases/plugin/images/jellyfin-plugin-reports.png",
    "name": "Reports",
    "overview": "Generate reports of your media library",
    "owner": "jellyfin",
    "targetAbi": "10.8.0.0",
    "timestamp": "2022-01-08T17:24:56Z",
    "version": "14.0.0.0"
}