{
    "category": "General",
    "changelog": "* Fix query to PlayActivity endpoint on User Playback Report (#35) @Stampede10343 * Feature/client timezone awareness (#37) @Stampede10343\n",
    "description": "Collect and show user play statistics",
    "guid": "5c534381-91a3-43cb-907a-35aa02eb9d2c",
    "name": "Playback Reporting",
    "overview": "Collect and show user play statistics",
    "owner": "jellyfin",
    "targetAbi": "10.7.0.0",
    "timestamp": "2021-04-12T14:12:57Z",
    "version": "10.0.0.0"
}