{
    "category": "Metadata",
    "changelog": "- Unstable (#103) @crobibero\n- Improve cover image extraction from epub files (#102) @unfedorg\n\n### Dependency updates ###\n- Update dependency coverlet.collector to v6.0.2 (#101) @renovate\n- Update dependency coverlet.collector to v6.0.1 (#98) @renovate",
    "description": "Supports several different metadata providers and options for organizing your collection.\n",
    "guid": "9c4e63f1-031b-4f25-988b-4f7d78a8b53e",
    "name": "Bookshelf",
    "overview": "Manage your books",
    "owner": "jellyfin",
    "targetAbi": "10.9.0.0",
    "timestamp": "2024-05-11T19:23:08Z",
    "version": "11.0.0.0"
}