{
    "category": "Notifications",
    "changelog": "- Update ci (#42) @h1dden-da3m0n\n\n### New features and improvements ###\n- Improve HTTP Request Error Logging (#51) @mark-monteiro\n\n### Bug Fixes ###\n- Fix loading of selected media types (#46) @crobibero\n\n### Dependency updates ###\n- chore(deps): bump MailKit from 2.14.0 to 2.15.0 (#50) @dependabot\n- chore(deps): bump Handlebars.Net from 2.0.8 to 2.0.9 (#49) @dependabot\n- chore(deps): bump MailKit from 2.13.0 to 2.14.0 (#48) @dependabot\n\n### Code or Repo Maintenance ###\n- chore(deps): bump MailKit from 2.14.0 to 2.15.0 (#50) @dependabot\n- chore(deps): bump Handlebars.Net from 2.0.8 to 2.0.9 (#49) @dependabot\n- chore(deps): bump MailKit from 2.13.0 to 2.14.0 (#48) @dependabot",
    "description": "Sends notifications to destinations via webhooks.\n",
    "guid": "71552a5a-5c5c-4350-a2ae-ebe451a30173",
    "imageUrl": "https://repo.jellyfin.org/releases/plugin/images/jellyfin-plugin-webhook.png",
    "name": "Webhook",
    "overview": "Sends notifications.",
    "owner": "jellyfin",
    "targetAbi": "10.7.0.0",
    "timestamp": "2021-08-30T11:30:18Z",
    "version": "4.0.0.0"
}