{
    "category": "Metadata",
    "changelog": "### Bug Fixes ###\n- fix client string (#19) @Shadowghost\n\n### Code or Repo Maintenance ###\n- Fix readme (#20) @Shadowghost",
    "description": "This plugin provides images from the Cover Art Archive https://musicbrainz.org/doc/Cover_Art_Archive and depends on the MusicBrainz metadata provider to know what images belong where\n",
    "guid": "8119f3c6-cfc2-4d9c-a0ba-028f1d93e526",
    "imageUrl": "https://repo.jellyfin.org/releases/plugin/images/jellyfin-plugin-coverartarchive.png",
    "name": "Cover Art Archive",
    "overview": "MusicBrainz Cover Art Archive",
    "owner": "jellyfin",
    "targetAbi": "10.8.0.0",
    "timestamp": "2022-01-08T17:22:30Z",
    "version": "7.0.0.0"
}