{
    "category": "General",
    "changelog": "### Bug Fixes ###\n- Various Fixes (#136) @Shadowghost\n- Fix live watched state sync (#134) @Shadowghost\n- Fix metadata enums and mapping (#132) @Shadowghost",
    "description": "Record your watched media with Trakt.\n",
    "guid": "4fe3201e-d6ae-4f2e-8917-e12bda571281",
    "imageUrl": "https://repo.jellyfin.org/releases/plugin/images/jellyfin-plugin-trakt.png",
    "name": "Trakt",
    "overview": "Record your watched media with Trakt",
    "owner": "jellyfin",
    "targetAbi": "10.8.0.0",
    "timestamp": "2022-05-04T20:52:15Z",
    "version": "18.0.0.0"
}