{
    "category": "Metadata",
    "changelog": "### Bug Fixes ###\n- Extract DTOs and fix album parsing (#37) @Shadowghost\n\n### Code or Repo Maintenance ###\n- Use meta ci (#35) @crobibero\n\n### CI & build changes ###\n- Use meta ci (#35) @crobibero",
    "description": "Scrape poster images for movies, shows, and artists in your library.",
    "guid": "170a157f-ac6c-437a-abdd-ca9c25cebd39",
    "imageUrl": "https://repo.jellyfin.org/releases/plugin/images/jellyfin-plugin-fanart.png",
    "name": "Fanart",
    "overview": "Scrape poster images from Fanart",
    "owner": "jellyfin",
    "targetAbi": "10.8.0.0",
    "timestamp": "2022-04-26T13:33:43Z",
    "version": "9.0.0.0"
}