{
    "category": "General",
    "changelog": "### New features and improvements ###\n- fixed json case + added episode ids + empty response error (#25) @ekleop\n\n### Bug Fixes ###\n- fixed json case + added episode ids + empty response error (#25) @ekleop",
    "description": "Scrobble your watched Movies, TV Shows and Anime to Simkl and share your progress with friends!\n",
    "guid": "07caef58-a94b-4211-a62c-f9774e04ebdb",
    "name": "Simkl",
    "overview": "Scrobble to Simkl",
    "owner": "crobibero",
    "targetAbi": "10.8.11.0",
    "timestamp": "2023-11-21T14:20:46Z",
    "version": "4.0.0.0"
}