{
    "category": "Notifications",
    "changelog": "### Bug Fixes ###\n- Fix string conversion in HandlebarsFunctionHelpers (#61) @crobibero\n- Actually fix sending username (#58) @crobibero",
    "description": "Sends notifications to destinations via webhooks.\n",
    "guid": "71552a5a-5c5c-4350-a2ae-ebe451a30173",
    "imageUrl": "https://repo.jellyfin.org/releases/plugin/images/jellyfin-plugin-webhook.png",
    "name": "Webhook",
    "overview": "Sends notifications.",
    "owner": "jellyfin",
    "targetAbi": "10.7.7.0",
    "timestamp": "2021-09-15T11:44:50Z",
    "version": "6.0.0.0"
}