{
    "category": "Metadata",
    "changelog": "### New features and improvements ###\n- Optionally use the AnitomySharp library to extract media titles (#9) @MisterMcDuck\n- Change banner to backdrop (#37) @nielsvanvelzen\n\n### Bug Fixes ###\n- Filter out non-japanese VAs for romaji titles (#40) @rzk3\n\n### Code or Repo Maintenance ###\n- Update link to Jellyfin website (#44) @methbkts\n- Use meta ci (#25) @crobibero\n\n### Dependency updates ###\n- chore(deps): update dotnet monorepo to v7 (major) (#35) @renovate\n- chore(deps): update dependency microsoft.extensions.dependencyinjection to v6.0.0 (#30) @renovate\n- chore(deps): update dependency microsoft.extensions.http to v6 (#31) @renovate\n\n### CI & build changes ###\n- fix: meta ci workflows (#29) @h1dden-da3m0n\n- Use meta ci (#25) @crobibero",
    "description": "AniList metadata provider\n",
    "guid": "1bd22884-44be-40f3-ad95-fc4a7834ba2c",
    "imageUrl": "https://repo.jellyfin.org/releases/plugin/images/jellyfin-plugin-anilist.png",
    "name": "AniList",
    "overview": "AniList metadata provider",
    "owner": "jellyfin",
    "targetAbi": "10.8.12.0",
    "timestamp": "2023-11-09T01:10:28Z",
    "version": "6.0.0.0"
}