{
    "category": "Authentication",
    "changelog": "### Major bug fixes ###\n- Fix searching for admin (#114) @crobibero\n\n### New features and improvements ###\n- OpenLDAP admin memberUid support (#113) @cyberb\n- Add ability to use LDAP as password reset provider (#106) @crobibero\n\n### Code or Repo Maintenance ###\n- Use meta ci (#110) @crobibero\n\n### CI & build changes ###\n- Use meta ci (#110) @crobibero",
    "description": "Authenticate your Jellyfin users against an LDAP database, and optionally create users who do not yet exist automatically.\n\nAllows the administrator to customize most aspects of the LDAP authentication process, including customizable search attributes, username attribute, and a search filter for administrative users (set on user creation). The user, via the \"Manual Login\" process, can enter any valid attribute value, which will be mapped back to the specified username attribute automatically as well.\n",
    "guid": "958aad66-3784-4d2a-b89a-a7b6fab6e25c",
    "imageUrl": "https://repo.jellyfin.org/releases/plugin/images/jellyfin-plugin-ldapauth.png",
    "name": "LDAP Authentication",
    "overview": "Authenticate users against an LDAP database",
    "owner": "jellyfin",
    "targetAbi": "10.8.0.0",
    "timestamp": "2022-04-15T15:34:39Z",
    "version": "15.0.0.0"
}