{
    "category": "LiveTV",
    "changelog": "### Code or Repo Maintenance ###\n- Changes for 10.8 alpha2 (#31) @emveepee\n- Use System.Text.Json (#17) @daullmer",
    "description": "Provides access to live TV, program guide, and recordings from NextPVR.\n",
    "guid": "9574ac10-bf23-49bc-949f-924f23cfa48f",
    "imageUrl": "https://repo.jellyfin.org/releases/plugin/images/jellyfin-plugin-nextpvr.png",
    "name": "NextPVR",
    "overview": "Live TV plugin for NextPVR",
    "owner": "jellyfin",
    "targetAbi": "10.8.0.0",
    "timestamp": "2022-01-08T17:23:55Z",
    "version": "7.0.0.0"
}