{
    "category": "Metadata",
    "changelog": "- chore(deps): bump release-drafter/release-drafter from 5.15.0 to 5.17.6 (#59) @dependabot\n\n### Code or Repo Maintenance ###\n- 10.8 support (#68) @crobibero\n\n### CI & build changes ###\n- Use meta ci (#67) @crobibero",
    "description": "Automatically create movie box sets based on TMDb collections",
    "guid": "bc4aad2e-d3d0-4725-a5e2-fd07949e5b42",
    "name": "TMDb Box Sets",
    "overview": "Automatically create movie box sets based on TMDb collections",
    "owner": "jellyfin",
    "targetAbi": "10.8.0.0",
    "timestamp": "2022-03-28T00:06:42Z",
    "version": "10.0.0.0"
}