{
    "category": "Notifications",
    "changelog": "### Bug Fixes ###\n- Pull correct ServerName (#85) @crobibero\n\n### Code or Repo Maintenance ###\n- Update ruleset, fix new warnings (#82) @crobibero\n\n### Dependency updates ###\n- chore(deps): update Microsoft.Extensions.Http requirement from 5.* to 6.* (#80) @dependabot\n- chore(deps): bump Handlebars.Net from 2.0.9 to 2.0.10 (#92) @dependabot\n- chore(deps): bump MailKit from 2.15.0 to 3.0.0 (#91) @dependabot",
    "description": "Sends notifications to destinations via webhooks.\n",
    "guid": "71552a5a-5c5c-4350-a2ae-ebe451a30173",
    "imageUrl": "https://repo.jellyfin.org/releases/plugin/images/jellyfin-plugin-webhook.png",
    "name": "Webhook",
    "overview": "Sends notifications.",
    "owner": "jellyfin",
    "targetAbi": "10.8.0.0",
    "timestamp": "2022-01-08T17:26:30Z",
    "version": "10.0.0.0"
}