{
    "category": "Metadata",
    "changelog": "### Code or Repo Maintenance ###\n- 10.8 support (#30) @crobibero",
    "description": "Scrape poster images for movies, shows, and artists in your library.",
    "guid": "170a157f-ac6c-437a-abdd-ca9c25cebd39",
    "imageUrl": "https://repo.jellyfin.org/releases/plugin/images/jellyfin-plugin-fanart.png",
    "name": "Fanart",
    "overview": "Scrape poster images from Fanart",
    "owner": "jellyfin",
    "targetAbi": "10.8.0.0",
    "timestamp": "2022-01-08T17:22:44Z",
    "version": "8.0.0.0"
}