{
    "category": "Metadata",
    "changelog": "### Dependency updates ###\n- chore(deps): bump release-drafter/release-drafter from v5.14.0 to v5.15.0 (#8) @dependabot\n\n### CI & build changes ###\n- Update ci (#10) @h1dden-da3m0n\n\n### Code or Repo Maintenance ###\n- chore: plugin images (#9) @h1dden-da3m0n",
    "description": "AniDB metadata provider\n",
    "guid": "a2b2a7ed-aa28-4521-a64a-63d86901f246",
    "imageUrl": "https://repo.jellyfin.org/releases/plugin/images/jellyfin-plugin-anidb.png",
    "name": "AniDB",
    "overview": "AniDB metadata provider",
    "owner": "jellyfin",
    "targetAbi": "10.7.7.0",
    "timestamp": "2021-09-07T21:31:08Z",
    "version": "4.0.0.0"
}