{
    "category": "Metadata",
    "changelog": "- 10.9 (#50) @crobibero\n\n### Code or Repo Maintenance ###\n- Update link to Jellyfin website (#49) @methbkts\n- Use meta ci (#42) @crobibero\n\n### CI & build changes ###\n- fix: meta ci workflows (#44) @h1dden-da3m0n\n- Use meta ci (#42) @crobibero",
    "description": "Get TV metadata from TVmaze\n",
    "guid": "a4a488d0-17a3-4919-8d82-7f3de4f6b209",
    "imageUrl": "https://repo.jellyfin.org/releases/plugin/images/jellyfin-plugin-tvmaze.png",
    "name": "TVmaze",
    "overview": "Get TV metadata from TVmaze",
    "owner": "jellyfin",
    "targetAbi": "10.9.0.0",
    "timestamp": "2024-05-11T19:36:43Z",
    "version": "11.0.0.0"
}