{
    "category": "Metadata",
    "changelog": "- Split out from the Anime plugin\n- Remove dependency on DependencyInjection\n",
    "description": "AniSearch metadata provider\n",
    "guid": "776d9158-b91f-49d9-82c5-dacce63d63b8",
    "imageUrl": "https://repo.jellyfin.org/releases/plugin/images/jellyfin-plugin-anisearch.png",
    "name": "AniSearch",
    "overview": "AniSearch metadata provider",
    "owner": "jellyfin",
    "targetAbi": "10.7.0.0",
    "timestamp": "2021-06-21T14:11:41Z",
    "version": "2.2106.2114.1134"
}