{
    "category": "Metadata",
    "changelog": "### New features and improvements ###\n- Added Series/Episode Image Providers (#22) @pikami\n- Get episode metadata from seriesId+episodeNumber instead of provider episode id (#21) @pikami\n- Add support for identifying using kitsu id (#23) @pikami\n\n### Bug Fixes ###\n- Round community rating to single decimal place (#18) @pikami\n\n### CI & build changes ###\n- fix: meta ci workflows (#17) @h1dden-da3m0n\n- Use meta ci (#14) @crobibero",
    "description": "Kitsu metadata provider\n",
    "guid": "88d809e2-056b-47f4-9911-073949b9963f",
    "imageUrl": "https://repo.jellyfin.org/releases/plugin/images/jellyfin-plugin-kitsu.png",
    "name": "Kitsu",
    "overview": "Kitsu metadata provider",
    "owner": "jellyfin",
    "targetAbi": "10.8.0.0",
    "timestamp": "2022-06-13T22:15:32Z",
    "version": "4.0.0.0"
}