{
    "category": "Metadata",
    "changelog": "### Major features and improvements ###\n- Switch to new API (#54) @MBR-0001\n\n### New features and improvements ###\n- chore: plugin images (#50) @h1dden-da3m0n\n\n### Dependency updates ###\n- chore(deps): bump release-drafter/release-drafter from v5.14.0 to v5.15.0 (#45) @dependabot\n\n### CI & build changes ###\n- Update ci (#55) @h1dden-da3m0n\n- chore(ci): builds, releas drafter and more (#42) @h1dden-da3m0n\n\n### Code or Repo Maintenance ###\n- Add analyzers, remove all warnings (#61) @crobibero\n- Remove jquery and update to es6 (#51) @grafixeyehero\n- Add analyzers (#44) @crobibero",
    "description": "Download subtitles from the internet to use with your media files.",
    "guid": "4b9ed42f-5185-48b5-9803-6ff2989014c4",
    "imageUrl": "https://repo.jellyfin.org/releases/plugin/images/jellyfin-plugin-opensubtitles.png",
    "name": "Open Subtitles",
    "overview": "Download subtitles for your media",
    "owner": "jellyfin",
    "targetAbi": "10.7.0.0",
    "timestamp": "2021-08-28T18:42:32Z",
    "version": "11.0.0.0"
}