{
    "category": "Notifications",
    "changelog": "### Bug Fixes ###\n- Update Username parameter to be NotificationUsername (#57) @crobibero\n\n### CI & build changes ###\n- ci: set ABI version and more repo automation (#52) @h1dden-da3m0n",
    "description": "Sends notifications to destinations via webhooks.\n",
    "guid": "71552a5a-5c5c-4350-a2ae-ebe451a30173",
    "imageUrl": "https://repo.jellyfin.org/releases/plugin/images/jellyfin-plugin-webhook.png",
    "name": "Webhook",
    "overview": "Sends notifications.",
    "owner": "jellyfin",
    "targetAbi": "10.7.7.0",
    "timestamp": "2021-09-14T00:18:12Z",
    "version": "5.0.0.0"
}