{
    "category": "Metadata",
    "changelog": "- force change for 10.9 (#62) @crobibero\n- Unstable (#61) @crobibero\n\n### Bug Fixes ###\n- Fix genre settings not being applied to movies (#52) @HansLehnert",
    "description": "AniList metadata provider\n",
    "guid": "1bd22884-44be-40f3-ad95-fc4a7834ba2c",
    "imageUrl": "https://repo.jellyfin.org/releases/plugin/images/jellyfin-plugin-anilist.png",
    "name": "AniList",
    "overview": "AniList metadata provider",
    "owner": "jellyfin",
    "targetAbi": "10.9.0.0",
    "timestamp": "2024-05-11T20:26:02Z",
    "version": "8.0.0.0"
}