{
    "category": "Metadata",
    "changelog": "### New features and improvements ###\n- Adds a option to include specials for missing episode provider (#144) @scampower3\n- Add support for regional, alternate, altdvd orders (#139) @scampower3\n- Add support for different display order for missing episode provider (#140) @scampower3\n- Add support for clearart and clearlogo for series images (#138) @scampower3\n- Add fallback languages (#136) @rlauuzo\n\n### Bug Fixes ###\n- Display order change fix, Cache collision fix, restrict airsbefore/after to aired display order (#143) @scampower3\n- Fix retrieval of episode num for virtual episode. (#142) @scampower3\n\n### Documentation updates ###\n- Bump .NET version in docs (#135) @scampower3\n\n### Dependency updates ###\n- Update dependency Microsoft.Extensions.Http to v8 (#81) @renovate",
    "description": "Get TV metadata from TheTvdb\n",
    "guid": "a677c0da-fac5-4cde-941a-7134223f14c8",
    "imageUrl": "https://repo.jellyfin.org/releases/plugin/images/jellyfin-plugin-tvdb.png",
    "name": "TheTVDB",
    "overview": "Get TV metadata from TheTvdb",
    "owner": "jellyfin",
    "targetAbi": "10.9.2.0",
    "timestamp": "2024-05-22T13:44:32Z",
    "version": "12.0.0.0"
}