{
    "category": "Metadata",
    "changelog": "### Bug Fixes ###\n- Fix GetAllEpisodes breaking library scan on missing Episode Data (#83) @Hayajiro\n\n### Code or Repo Maintenance ###\n- Use meta ci (#67) @crobibero\n\n### CI & build changes ###\n- fix: meta ci workflows (#72) @h1dden-da3m0n\n- Use meta ci (#67) @crobibero",
    "description": "Get TV metadata from TheTvdb\n",
    "guid": "a677c0da-fac5-4cde-941a-7134223f14c8",
    "imageUrl": "https://repo.jellyfin.org/releases/plugin/images/jellyfin-plugin-tvdb.png",
    "name": "TheTVDB",
    "overview": "Get TV metadata from TheTvdb",
    "owner": "jellyfin",
    "targetAbi": "10.8.8.0",
    "timestamp": "2023-01-16T03:36:51Z",
    "version": "9.0.0.0"
}