{
    "category": "Metadata",
    "changelog": "changelog\n",
    "description": "This plugin provides images from the Cover Art Archive https://musicbrainz.org/doc/Cover_Art_Archive and depends on the MusicBrainz metadata provider to know what images belong where\n",
    "guid": "8119f3c6-cfc2-4d9c-a0ba-028f1d93e526",
    "name": "Cover Art Archive",
    "overview": "MusicBrainz Cover Art Archive",
    "owner": "jellyfin",
    "targetAbi": "10.7.0.0",
    "timestamp": "2021-02-01T18:58:07Z",
    "version": "2.2102.0118.5758"
}