{
    "category": "General",
    "changelog": "### Bug Fixes ###\n- Fix auth against Simkl api (#17) @crobibero\n\n### CI & build changes ###\n- fix: meta ci workflows (#15) @h1dden-da3m0n",
    "description": "Scrobble your watched Movies, TV Shows and Anime to Simkl and share your progress with friends!\n",
    "guid": "07caef58-a94b-4211-a62c-f9774e04ebdb",
    "name": "Simkl",
    "overview": "Scrobble to Simkl",
    "owner": "crobibero",
    "targetAbi": "10.8.1.0",
    "timestamp": "2022-07-05T08:03:01Z",
    "version": "3.0.0.0"
}