{
    "category": "General",
    "changelog": "### New features and improvements ###\n- Migration to es6 (#67) @grafixeyehero\n- chore: plugin images (#63) @h1dden-da3m0n\n\n### Code or Repo Maintenance ###\n- 10.8 support (#73) @crobibero\n- Rename Emby.AutoOrganize to AutoOrganize (#69) @grafixeyehero\n- Migrate from FxCop analyzers to .NET analyzers (#52) @crobibero\n- Use System.Text.Json (#53) @daullmer\n\n### Dependency updates ###\n- chore(deps): bump SQLitePCL.pretty.netstandard from 2.1.0 to 2.2.0 (#62) @dependabot\n- chore(deps): bump release-drafter/release-drafter from v5.14.0 to v5.15.0 (#59) @dependabot\n- chore(deps): bump Microsoft.CodeAnalysis.NetAnalyzers from 5.0.0 to 5.0.3 (#60) @dependabot\n- chore(deps): bump SQLitePCL.pretty.netstandard from 2.0.1 to 2.1.0 (#61) @dependabot\n\n### CI & build changes ###\n- Update ci (#70) @h1dden-da3m0n\n- chore(ci): builds, releas drafter and more (#57) @h1dden-da3m0n",
    "description": "Automatically organize your media",
    "guid": "70b7b43b-471b-4159-b4be-56750c795499",
    "imageUrl": "https://repo.jellyfin.org/releases/plugin/images/jellyfin-plugin-autoorganize.png",
    "name": "Auto Organize",
    "overview": "Automatically organize your media",
    "owner": "jellyfin",
    "targetAbi": "10.8.0.0",
    "timestamp": "2021-12-05T15:17:05Z",
    "version": "10.0.0.0"
}