{
    "category": "General",
    "changelog": "### New features and improvements ###\n- chore: plugin images (#42) @h1dden-da3m0n\n\n### Dependency updates ###\n- chore(deps): bump release-drafter/release-drafter from v5.14.0 to v5.15.0 (#43) @dependabot\n\n### CI & build changes ###\n- Update ci (#47) @h1dden-da3m0n\n- Add pre-commit config (#41) @oddstr13\n- Add release drafter (#40) @oddstr13\n- Add workflows for code testing (#38) @oddstr13\n- Add analyzers and fix warnings (#37) @oddstr13\n\n### Code or Repo Maintenance ###\n- 10.8 support (#51) @crobibero\n- Split scripts and update to es6 (#46) @grafixeyehero\n- Use System.Text.Json (#34) @daullmer",
    "description": "This plugin will track all media changes while Kodi clients are offline to decrease sync times.",
    "guid": "771e19d6-5385-4caf-b35c-28a0e865cf63",
    "imageUrl": "https://repo.jellyfin.org/releases/plugin/images/jellyfin-plugin-kodisyncqueue.png",
    "name": "Kodi Sync Queue",
    "overview": "Sync all media changes with Kodi clients",
    "owner": "jellyfin",
    "targetAbi": "10.8.0.0",
    "timestamp": "2022-01-08T17:23:13Z",
    "version": "7.0.0.0"
}