{
    "category": "General",
    "changelog": "### Bug Fixes ###\n- Added support for decimal timezones (#64) @theKAKAN\n- Keep all avatars the same dimension (#62) @sambartik\n\n### CI & build changes ###\n- fix: meta ci workflows (#60) @h1dden-da3m0n",
    "description": "Collect and show user play statistics",
    "guid": "5c534381-91a3-43cb-907a-35aa02eb9d2c",
    "imageUrl": "https://repo.jellyfin.org/releases/plugin/images/jellyfin-plugin-playbackreporting.png",
    "name": "Playback Reporting",
    "overview": "Collect and show user play statistics",
    "owner": "jellyfin",
    "targetAbi": "10.8.1.0",
    "timestamp": "2022-07-10T12:47:28Z",
    "version": "13.0.0.0"
}