{
    "category": "Metadata",
    "changelog": "- chore(deps): bump StyleCop.Analyzers from 1.2.0-beta.376 to 1.2.0-beta.406 (#11) @dependabot\n- Use meta ci (#8) @crobibero\n\n### Code or Repo Maintenance ###\n- Clean up folder structure, remove warnings (#9) @crobibero",
    "description": "Adds support for VGMdb to music libraries. Can provide both images and metadata for artists and albums.\n",
    "guid": "44616595-5798-47ad-8658-3c09f3030505",
    "name": "VGMdb",
    "overview": "Adds support for VGMdb to music libraries. Can provide both images and metadata for artists and albums.",
    "owner": "jellyfin",
    "targetAbi": "10.8.0.0",
    "timestamp": "2022-03-27T21:08:11Z",
    "version": "2.0.0.0"
}