{
    "category": "Metadata",
    "changelog": "- Add Unit tests for ComicInfo and ComicBookInfo formats (#70) @carif\n\n### New features and improvements ###\n- Add Comic Vine metadata provider (#81) @Pithaya\n- Add Google Books external id (#80) @Pithaya\n- Add unit tests for the Google Books providers (#78) @Pithaya\n- Improve title handling of epub files (#75) @carif\n\n### Bug Fixes ###\n- Update EpubMetadataImageProvider.cs (#66) @wuyu8512\n\n### Documentation updates ###\n- Fix typo and improve README formatting (#74) @carif\n\n### Dependency updates ###\n- Update xunit-dotnet monorepo to v2.5.3 (#82) @renovate",
    "description": "Supports several different metadata providers and options for organizing your collection.\n",
    "guid": "9c4e63f1-031b-4f25-988b-4f7d78a8b53e",
    "name": "Bookshelf",
    "overview": "Manage your books",
    "owner": "jellyfin",
    "targetAbi": "10.8.13.0",
    "timestamp": "2024-01-18T00:55:20Z",
    "version": "10.0.0.0"
}