{
    "category": "Metadata",
    "changelog": "- Fix episode metadata & improve series metadata (#29) @Nalsai\n\n### New features and improvements ###\n- Add original title metadata (#26) @Nalsai\n\n### Bug Fixes ###\n- Use proper normalization form (#19) @crobibero\n- Improve AniDB ID searching and matching (#27) @Nalsai\n\n### Code or Repo Maintenance ###\n- chore(deps): bump Microsoft.Extensions.Http from 5.0.0 to 6.0.0 (#15) @dependabot\n- Improve AniDB ID searching and matching (#27) @Nalsai\n- Use meta ci (#30) @crobibero\n\n### Dependency updates ###\n- chore(deps): bump Microsoft.Extensions.Http from 5.0.0 to 6.0.0 (#15) @dependabot\n\n### CI & build changes ###\n- Use meta ci (#30) @crobibero",
    "description": "AniDB metadata provider\n",
    "guid": "a2b2a7ed-aa28-4521-a64a-63d86901f246",
    "imageUrl": "https://repo.jellyfin.org/releases/plugin/images/jellyfin-plugin-anidb.png",
    "name": "AniDB",
    "overview": "AniDB metadata provider",
    "owner": "jellyfin",
    "targetAbi": "10.8.0.0",
    "timestamp": "2022-03-28T00:00:21Z",
    "version": "6.0.0.0"
}