{
    "category": "Metadata",
    "changelog": "### New features and improvements ###\n- chore: plugin images (#5) @h1dden-da3m0n\n\n### Dependency updates ###\n- chore(deps): bump release-drafter/release-drafter from v5.14.0 to v5.15.0 (#4) @dependabot\n\n### CI & build changes ###\n- Update ci (#6) @h1dden-da3m0n\n- Let there be CI (#2) @oddstr13\n\n### Code or Repo Maintenance ###\n- 10.8 support (#9) @crobibero\n\n### Documentation updates ###\n- chore(doc): doc and editorconf update (#3) @h1dden-da3m0n",
    "description": "Kitsu metadata provider\n",
    "guid": "88d809e2-056b-47f4-9911-073949b9963f",
    "imageUrl": "https://repo.jellyfin.org/releases/plugin/images/jellyfin-plugin-kitsu.png",
    "name": "Kitsu",
    "overview": "Kitsu metadata provider",
    "owner": "jellyfin",
    "targetAbi": "10.8.0.0",
    "timestamp": "2022-01-08T17:22:57Z",
    "version": "3.0.0.0"
}