{
    "category": "LiveTV",
    "changelog": "### New features and improvements ###\n- chore: plugin images (#24) @h1dden-da3m0n\n- Increase sid security (#19) @emveepee\n\n### Dependency updates ###\n- chore(deps): bump release-drafter/release-drafter from v5.14.0 to v5.15.0 (#22) @dependabot\n\n### CI & build changes ###\n- Update ci (#26) @h1dden-da3m0n\n- chore(ci): builds, releas drafter and more (#21) @h1dden-da3m0n\n\n### Code or Repo Maintenance ###\n- remove jQuery and update to es6 (#25) @grafixeyehero",
    "description": "Provides access to live TV, program guide, and recordings from NextPVR.\n",
    "guid": "9574ac10-bf23-49bc-949f-924f23cfa48f",
    "imageUrl": "https://repo.jellyfin.org/releases/plugin/images/jellyfin-plugin-nextpvr.png",
    "name": "NextPVR",
    "overview": "Live TV plugin for NextPVR",
    "owner": "jellyfin",
    "targetAbi": "10.7.0.0",
    "timestamp": "2021-07-20T20:56:25Z",
    "version": "6.0.0.0"
}