{
    "category": "Metadata",
    "changelog": "### Code or Repo Maintenance ###\n- 10.8 support (#7) @crobibero",
    "description": "AniSearch metadata provider\n",
    "guid": "776d9158-b91f-49d9-82c5-dacce63d63b8",
    "imageUrl": "https://repo.jellyfin.org/releases/plugin/images/jellyfin-plugin-anisearch.png",
    "name": "AniSearch",
    "overview": "AniSearch metadata provider",
    "owner": "jellyfin",
    "targetAbi": "10.8.0.0",
    "timestamp": "2022-01-08T17:21:39Z",
    "version": "4.0.0.0"
}