{
    "category": "Metadata",
    "changelog": "- 10.9 (#35) @crobibero\n\n### Bug Fixes ###\n- Check if the Types is flagged as 'Front' (#33) @GaaH\n\n### Code or Repo Maintenance ###\n- Update link to Jellyfin website (#34) @methbkts\n- Use meta ci (#27) @crobibero\n\n### Dependency updates ###\n- chore(deps): update dependency metabrainz.common.json to v5.1.0 (#30) @renovate\n\n### CI & build changes ###\n- fix: ci bumps (#29) @h1dden-da3m0n\n- Use meta ci (#27) @crobibero",
    "description": "This plugin provides images from the Cover Art Archive https://musicbrainz.org/doc/Cover_Art_Archive and depends on the MusicBrainz metadata provider to know what images belong where\n",
    "guid": "8119f3c6-cfc2-4d9c-a0ba-028f1d93e526",
    "imageUrl": "https://repo.jellyfin.org/releases/plugin/images/jellyfin-plugin-coverartarchive.png",
    "name": "Cover Art Archive",
    "overview": "MusicBrainz Cover Art Archive",
    "owner": "jellyfin",
    "targetAbi": "10.9.0.0",
    "timestamp": "2024-05-11T19:36:57Z",
    "version": "8.0.0.0"
}