{
    "category": "General",
    "changelog": "### Code or Repo Maintenance ###\n- 10.8 support (#66) @crobibero\n- Use meta ci (#62) @crobibero\n\n### CI & build changes ###\n- Use meta ci (#62) @crobibero",
    "description": "This plugin will track all media changes while Kodi clients are offline to decrease sync times.",
    "guid": "771e19d6-5385-4caf-b35c-28a0e865cf63",
    "imageUrl": "https://repo.jellyfin.org/releases/plugin/images/jellyfin-plugin-kodisyncqueue.png",
    "name": "Kodi Sync Queue",
    "overview": "Sync all media changes with Kodi clients",
    "owner": "jellyfin",
    "targetAbi": "10.8.0.0",
    "timestamp": "2022-03-27T20:27:42Z",
    "version": "8.0.0.0"
}