{
    "category": "LiveTV",
    "changelog": "changelog\n",
    "description": "Provides access to Live TV, Program Guide and Recordings from your Windows MediaCenter Server running ServerWMC. Requires ServerWMC to be installed and running on your Windows MediaCenter machine.\n",
    "guid": "1fc322a1-af2e-49a5-b2eb-a89b4240f700",
    "name": "ServerWMC",
    "overview": "Jellyfin Live TV plugin for Windows MediaCenter with ServerWMC",
    "owner": "jellyfin",
    "targetAbi": "10.6.0.0",
    "timestamp": "2020-11-23T01:06:13Z",
    "version": "5.2011.2301.0606"
}