{
    "category": "Metadata",
    "changelog": "- chore(deps): bump TvMaze.Api.Client from 0.1.71 to 0.1.72 (#21) @dependabot\n\n### CI & build changes ###\n- Update ci (#24) @h1dden-da3m0n\n\n### Code or Repo Maintenance ###\n- chore: plugin images (#22) @h1dden-da3m0n",
    "description": "Get TV metadata from TVmaze\n",
    "guid": "a4a488d0-17a3-4919-8d82-7f3de4f6b209",
    "imageUrl": "https://repo.jellyfin.org/releases/plugin/images/jellyfin-plugin-tvmaze.png",
    "name": "TVmaze",
    "overview": "Get TV metadata from TVmaze",
    "owner": "jellyfin",
    "targetAbi": "10.7.0.0",
    "timestamp": "2021-09-06T17:25:48Z",
    "version": "8.0.0.0"
}