{
    "category": "General",
    "changelog": "- 10.9 (#82) @crobibero\n\n### New features and improvements ###\n- Implement IDisposable (#75) @crobibero\n\n### Documentation updates ###\n- Fix openapi generation issues (#81) @crobibero\n\n### Dependency updates ###\n- chore(deps): update dependency litedb to v5.0.19 (#78) @renovate",
    "description": "This plugin will track all media changes while Kodi clients are offline to decrease sync times.",
    "guid": "771e19d6-5385-4caf-b35c-28a0e865cf63",
    "imageUrl": "https://repo.jellyfin.org/releases/plugin/images/jellyfin-plugin-kodisyncqueue.png",
    "name": "Kodi Sync Queue",
    "overview": "Sync all media changes with Kodi clients",
    "owner": "jellyfin",
    "targetAbi": "10.9.0.0",
    "timestamp": "2024-05-11T19:43:58Z",
    "version": "10.0.0.0"
}