{
    "category": "Metadata",
    "changelog": "### Major features and improvements ###\n- Remove configuration page and migrate to MetaBrainz.MusicBrainz.CoverArt (#12) @MrTimscampi\n\n### Dependency updates ###\n- chore(deps): bump Microsoft.Extensions.Http from 5.0.0 to 6.0.0 (#14) @dependabot",
    "description": "This plugin provides images from the Cover Art Archive https://musicbrainz.org/doc/Cover_Art_Archive and depends on the MusicBrainz metadata provider to know what images belong where\n",
    "guid": "8119f3c6-cfc2-4d9c-a0ba-028f1d93e526",
    "imageUrl": "https://repo.jellyfin.org/releases/plugin/images/jellyfin-plugin-coverartarchive.png",
    "name": "Cover Art Archive",
    "overview": "MusicBrainz Cover Art Archive",
    "owner": "jellyfin",
    "targetAbi": "10.8.0.0",
    "timestamp": "2022-01-07T21:16:19Z",
    "version": "5.0.0.0"
}