{
    "category": "Notifications",
    "changelog": "### Code or Repo Maintenance ###\n- Fix scheduled task (#106) @crobibero\n- chore(deps): bump Handlebars.Net from 2.0.10 to 2.1.0 (#101) @dependabot\n- chore(deps): bump MailKit from 3.1.0 to 3.1.1 (#102) @dependabot\n- chore(deps): bump MailKit from 3.0.0 to 3.1.0 (#95) @dependabot\n\n### Dependency updates ###\n- chore(deps): bump Handlebars.Net from 2.0.10 to 2.1.0 (#101) @dependabot\n- chore(deps): bump MailKit from 3.1.0 to 3.1.1 (#102) @dependabot\n- chore(deps): bump MailKit from 3.0.0 to 3.1.0 (#95) @dependabot\n\n### CI & build changes ###\n- fix: wrong name in ci workflows (#104) @h1dden-da3m0n\n- ci: migrate to centralized Plugin CI workflows (#94) @h1dden-da3m0n",
    "description": "Sends notifications to destinations via webhooks.\n",
    "guid": "71552a5a-5c5c-4350-a2ae-ebe451a30173",
    "imageUrl": "https://repo.jellyfin.org/releases/plugin/images/jellyfin-plugin-webhook.png",
    "name": "Webhook",
    "overview": "Sends notifications.",
    "owner": "jellyfin",
    "targetAbi": "10.8.0.0",
    "timestamp": "2022-03-28T00:08:01Z",
    "version": "11.0.0.0"
}