{
    "category": "Metadata",
    "changelog": "- 10.9 (#21) @crobibero\n- Use meta ci (#14) @crobibero\n- chore(deps): bump Microsoft.Extensions.Http from 5.0.0 to 6.0.0 (#6) @dependabot\n- update ruleset (#7) @crobibero\n- 10.8 support (#4) @crobibero\n- chore(deps): bump release-drafter/release-drafter from v5.14.0 to v5.15.0 (#2) @dependabot\n- Fix url image template (#1) @crobibero\n\n### Code or Repo Maintenance ###\n- Update link to Jellyfin website (#19) @methbkts\n\n### CI & build changes ###\n- fix: meta ci workflows (#15) @h1dden-da3m0n",
    "description": "Downloads artwork from a repository for various media types.\n",
    "guid": "7871d3b1-f1b9-4318-9c27-f35998ffbbcc",
    "name": "Artwork",
    "overview": "Download artwork",
    "owner": "jellyfin",
    "targetAbi": "10.9.0.0",
    "timestamp": "2024-05-11T19:35:04Z",
    "version": "1.0.0.0"
}