{
    "category": "Metadata",
    "changelog": "- 10.9 (#29) @crobibero\n\n### Code or Repo Maintenance ###\n- Update link to Jellyfin website (#26) @methbkts",
    "description": "Kitsu metadata provider\n",
    "guid": "88d809e2-056b-47f4-9911-073949b9963f",
    "imageUrl": "https://repo.jellyfin.org/releases/plugin/images/jellyfin-plugin-kitsu.png",
    "name": "Kitsu",
    "overview": "Kitsu metadata provider",
    "owner": "jellyfin",
    "targetAbi": "10.9.0.0",
    "timestamp": "2024-05-11T19:36:19Z",
    "version": "5.0.0.0"
}