{
    "category": "General",
    "changelog": "- 10.9 (#24) @crobibero\n\n### New features and improvements ###\n- Allow for subtitles to be extracted for new media (#14) @Kakoluz\n\n### Code or Repo Maintenance ###\n- Update link to Jellyfin website (#16) @methbkts",
    "description": "Extracts embedded subtitles.\n",
    "guid": "cd893c24-b59e-4060-87b2-184070e1bf68",
    "imageUrl": "https://repo.jellyfin.org/releases/plugin/images/jellyfin-plugin-subtitleextract.png",
    "name": "Subtitle Extract",
    "overview": "Extracts Subtitles.",
    "owner": "jellyfin",
    "targetAbi": "10.9.0.0",
    "timestamp": "2024-05-11T19:23:24Z",
    "version": "3.0.0.0"
}