{
    "category": "Metadata",
    "changelog": "- chore(deps): update dependency microsoft.extensions.http to v6 (#41) @renovate\n\n### Bug Fixes ###\n- fix tv series no data (#38) @kdays\n\n### CI & build changes ###\n- fix: meta ci workflows (#39) @h1dden-da3m0n",
    "description": "Scrape poster images for movies, shows, and artists in your library.",
    "guid": "170a157f-ac6c-437a-abdd-ca9c25cebd39",
    "imageUrl": "https://repo.jellyfin.org/releases/plugin/images/jellyfin-plugin-fanart.png",
    "name": "Fanart",
    "overview": "Scrape poster images from Fanart",
    "owner": "jellyfin",
    "targetAbi": "10.8.0.0",
    "timestamp": "2022-06-12T13:52:36Z",
    "version": "10.0.0.0"
}