{
    "category": "General",
    "changelog": "- 10.9 (#39) @crobibero\n\n### New features and improvements ###\n- Set Content-Disposition header when downloading book (#24) @crobibero\n\n### Code or Repo Maintenance ###\n- Update link to Jellyfin website (#36) @methbkts\n- Minor update to include authenticated feeds. (#21) @adamshand\n\n### Dependency updates ###\n- chore(deps): update dependency stylecop.analyzers to v1.2.0-beta.435 (#30) @renovate\n\n### CI & build changes ###\n- fix: meta ci workflows (#28) @h1dden-da3m0n",
    "description": "Provides an OPDS feed for book browsing.\n",
    "guid": "f30880ae-3365-449e-b9e6-bf133c8401b0",
    "imageUrl": "https://repo.jellyfin.org/releases/plugin/images/jellyfin-plugin-opds.png",
    "name": "OPDS",
    "overview": "Provides an OPDS book feed",
    "owner": "jellyfin",
    "targetAbi": "10.9.0.0",
    "timestamp": "2024-05-11T19:35:40Z",
    "version": "5.0.0.0"
}