{
    "category": "General",
    "changelog": "### Bug Fixes ###\n- Properly handle 404 API responses (#144) @Shadowghost\n\n### Dependency updates ###\n- chore(deps): bump StyleCop.Analyzers from 1.2.0-beta.406 to 1.2.0-beta.435 (#139) @dependabot\n\n### CI & build changes ###\n- fix: meta ci workflows (#145) @h1dden-da3m0n",
    "description": "Record your watched media with Trakt.\n",
    "guid": "4fe3201e-d6ae-4f2e-8917-e12bda571281",
    "imageUrl": "https://repo.jellyfin.org/releases/plugin/images/jellyfin-plugin-trakt.png",
    "name": "Trakt",
    "overview": "Record your watched media with Trakt",
    "owner": "jellyfin",
    "targetAbi": "10.8.0.0",
    "timestamp": "2022-05-28T17:17:20Z",
    "version": "19.0.0.0"
}