{
    "category": "General",
    "changelog": "### Bug Fixes ###\n- Fix unauthorized users not being skipped (#154) @Shadowghost\n- Fix MediaType metadata (#154) @Shadowghost\n- Don't fail tasks if one user fails (#154) @Shadowghost\n### Features ###\n- Implement HDR metadata (#154) @Shadowghost\n  - Implement metadata for episodes (#154) @Shadowghost\n- Switch to GUIDs (this requires reauthentication of all users) (#154) @Shadowghost",
    "description": "Record your watched media with Trakt.\n",
    "guid": "4fe3201e-d6ae-4f2e-8917-e12bda571281",
    "imageUrl": "https://repo.jellyfin.org/releases/plugin/images/jellyfin-plugin-trakt.png",
    "name": "Trakt",
    "overview": "Record your watched media with Trakt",
    "owner": "jellyfin",
    "targetAbi": "10.8.4.0",
    "timestamp": "2022-09-02T13:12:51Z",
    "version": "20.0.0.0"
}