{
    "category": "General",
    "changelog": "- chore(deps): bump SQLitePCL.pretty.netstandard from 2.1.0 to 2.2.0 (#40) @dependabot\n\n### New features and improvements ###\n- chore: plugin images (#41) @h1dden-da3m0n\n\n### CI & build changes ###\n- Update ci (#45) @h1dden-da3m0n\n\n### Code or Repo Maintenance ###\n- 10.8 (#49) @crobibero",
    "description": "Collect and show user play statistics",
    "guid": "5c534381-91a3-43cb-907a-35aa02eb9d2c",
    "imageUrl": "https://repo.jellyfin.org/releases/plugin/images/jellyfin-plugin-playbackreporting.png",
    "name": "Playback Reporting",
    "overview": "Collect and show user play statistics",
    "owner": "jellyfin",
    "targetAbi": "10.8.0.0",
    "timestamp": "2022-01-08T17:24:44Z",
    "version": "11.0.0.0"
}