{
    "category": "General",
    "changelog": "- Downgrade LiteDB to 5.0.15 (#85) @oddstr13",
    "description": "This plugin will track all media changes while Kodi clients are offline to decrease sync times.",
    "guid": "771e19d6-5385-4caf-b35c-28a0e865cf63",
    "imageUrl": "https://repo.jellyfin.org/releases/plugin/images/jellyfin-plugin-kodisyncqueue.png",
    "name": "Kodi Sync Queue",
    "overview": "Sync all media changes with Kodi clients",
    "owner": "jellyfin",
    "targetAbi": "10.9.1.0",
    "timestamp": "2024-05-15T13:26:45Z",
    "version": "11.0.0.0"
}