{
    "category": "Metadata",
    "changelog": "- Remove jQuery and update to es6 (#26) @grafixeyehero\n- chore(ci): builds, releas drafter and more (#22) @h1dden-da3m0n\n- Use System.Text.Json (#21) @Ullmie02\n\n### New features and improvements ###\n- chore: plugin images (#25) @h1dden-da3m0n\n\n### Dependency updates ###\n- chore(deps): bump release-drafter/release-drafter from v5.14.0 to v5.15.0 (#23) @dependabot\n\n### CI & build changes ###\n- Update ci (#27) @h1dden-da3m0n",
    "description": "Scrape poster images for movies, shows, and artists in your library.",
    "guid": "170a157f-ac6c-437a-abdd-ca9c25cebd39",
    "imageUrl": "https://repo.jellyfin.org/releases/plugin/images/jellyfin-plugin-fanart.png",
    "name": "Fanart",
    "overview": "Scrape poster images from Fanart",
    "owner": "jellyfin",
    "targetAbi": "10.7.0.0",
    "timestamp": "2021-09-03T18:30:22Z",
    "version": "7.0.0.0"
}