{
    "category": "Metadata",
    "changelog": "### Bug Fixes ###\n- Move OpenSubtitlesHandler project to folder (#85) @crobibero",
    "description": "Download subtitles from the internet to use with your media files.",
    "guid": "4b9ed42f-5185-48b5-9803-6ff2989014c4",
    "imageUrl": "https://repo.jellyfin.org/releases/plugin/images/jellyfin-plugin-opensubtitles.png",
    "name": "Open Subtitles",
    "overview": "Download subtitles for your media",
    "owner": "jellyfin",
    "targetAbi": "10.8.0.0",
    "timestamp": "2022-01-08T17:24:29Z",
    "version": "17.0.0.0"
}