{
    "category": "Metadata",
    "changelog": "### Bug Fixes ###\n- tv-maze -> tvmaze in release-drafter config (#28) @oddstr13\n\n### Code or Repo Maintenance ###\n- 10.8 support (#32) @crobibero",
    "description": "Get TV metadata from TVmaze\n",
    "guid": "a4a488d0-17a3-4919-8d82-7f3de4f6b209",
    "imageUrl": "https://repo.jellyfin.org/releases/plugin/images/jellyfin-plugin-tvmaze.png",
    "name": "TVmaze",
    "overview": "Get TV metadata from TVmaze",
    "owner": "jellyfin",
    "targetAbi": "10.8.0.0",
    "timestamp": "2022-01-07T20:40:56Z",
    "version": "9.0.0.0"
}