{
    "category": "LiveTV",
    "changelog": "- Initial changes for 10.9.1 (#48) @emveepee\n\n### CI & build changes ###\n- fix: meta ci workflows (#41) @h1dden-da3m0n",
    "description": "Provides access to live TV, program guide, and recordings from NextPVR.\n",
    "guid": "9574ac10-bf23-49bc-949f-924f23cfa48f",
    "imageUrl": "https://repo.jellyfin.org/releases/plugin/images/jellyfin-plugin-nextpvr.png",
    "name": "NextPVR",
    "overview": "Live TV plugin for NextPVR",
    "owner": "jellyfin",
    "targetAbi": "10.9.2.0",
    "timestamp": "2024-05-21T21:09:33Z",
    "version": "9.0.0.0"
}