{
    "category": "Authentication",
    "changelog": "### New features and improvements ###\n- Add User Settings Tests (#101) @1337joe\n- Add Settings Tests (#100) @1337joe\n- Changing the LDAP Admin filter can change existing LDAP authenticating users (#96) @jketreno\n- Add 'Enable All Folders' or selected folder list for LDAP user create (#90) @jketreno\n\n### Bug Fixes ###\n- Fix #92 - Re-registering of \"pageshow\" handler (#93) @jketreno",
    "description": "Authenticate your Jellyfin users against an LDAP database, and optionally create users who do not yet exist automatically.\n\nAllows the administrator to customize most aspects of the LDAP authentication process, including customizable search attributes, username attribute, and a search filter for administrative users (set on user creation). The user, via the \"Manual Login\" process, can enter any valid attribute value, which will be mapped back to the specified username attribute automatically as well.\n",
    "guid": "958aad66-3784-4d2a-b89a-a7b6fab6e25c",
    "imageUrl": "https://repo.jellyfin.org/releases/plugin/images/jellyfin-plugin-ldapauth.png",
    "name": "LDAP Authentication",
    "overview": "Authenticate users against an LDAP database",
    "owner": "jellyfin",
    "targetAbi": "10.8.0.0",
    "timestamp": "2022-01-08T17:23:40Z",
    "version": "14.0.0.0"
}