{
    "category": "General",
    "changelog": "- 10.9 (#19) @crobibero\n\n### Code or Repo Maintenance ###\n- Update link to Jellyfin website (#17) @methbkts\n- chore(deps): bump StyleCop.Analyzers from 1.2.0-beta.406 to 1.2.0-beta.435 (#11) @dependabot\n\n### Dependency updates ###\n- chore(deps): bump StyleCop.Analyzers from 1.2.0-beta.406 to 1.2.0-beta.435 (#11) @dependabot\n- chore(deps): update dependency stylecop.analyzers to v1.2.0-beta.435 (#14) @renovate\n\n### CI & build changes ###\n- fix: meta ci workflows (#12) @h1dden-da3m0n",
    "description": "Removes old sessions (devices).\n",
    "guid": "ec9e2a74-1311-4a14-b302-158e3d95fd1d",
    "name": "Session Cleaner",
    "overview": "Removes old sessions (devices).",
    "owner": "jellyfin",
    "targetAbi": "10.9.0.0",
    "timestamp": "2024-05-11T19:36:44Z",
    "version": "3.0.0.0"
}