{
    "category": "Metadata",
    "changelog": "- chore(deps): bump release-drafter/release-drafter from 5.15.0 to 5.17.5 (#46) @dependabot\n- chore(deps): bump sharpcompress from 0.30.0 to 0.30.1 (#43) @dependabot\n- Add analyzers to project (#28) @crobibero\n\n### New features and improvements ###\n- Read date and language information from opf (#47) @MinecraftPlaye\n- Add ComicBookInfo metadata provider (#38) @MinecraftPlaye\n\n### Bug Fixes ###\n- Use proper NormalziationForm (#44) @crobibero\n\n### Code or Repo Maintenance ###\n- Update supported metadata providers and file types (#55) @MinecraftPlaye\n- Use meta ci (#54) @crobibero\n- Refactor opf metadata reader for readability (#45) @MinecraftPlaye\n- Update ruleset and fix build (#42) @crobibero\n\n### Documentation updates ###\n- Update supported metadata providers and file types (#55) @MinecraftPlaye\n\n### CI & build changes ###\n- Use meta ci (#54) @crobibero",
    "description": "Supports several different metadata providers and options for organizing your collection.\n",
    "guid": "9c4e63f1-031b-4f25-988b-4f7d78a8b53e",
    "name": "Bookshelf",
    "overview": "Manage your books",
    "owner": "jellyfin",
    "targetAbi": "10.8.0.0",
    "timestamp": "2022-03-28T00:01:28Z",
    "version": "8.0.0.0"
}