{
    "category": "Authentication",
    "changelog": "Update for 10.7 support\n",
    "description": "Authenticate your Jellyfin users against an LDAP database, and optionally create users who do not yet exist automatically.\nAllows the administrator to customize most aspects of the LDAP authentication process, including customizable search attributes, username attribute, and a search filter for administrative users (set on user creation). The user, via the \"Manual Login\" process, can enter any valid attribute value, which will be mapped back to the specified username attribute automatically as well.\n",
    "guid": "958aad66-3784-4d2a-b89a-a7b6fab6e25c",
    "name": "LDAP Authentication",
    "overview": "Authenticate users against an LDAP database",
    "owner": "jellyfin",
    "targetAbi": "10.7.0.0",
    "timestamp": "2021-01-20T12:04:16Z",
    "version": "10.2101.2012.0409"
}