{
    "category": "General",
    "changelog": "Fix Jellyfin 10.7 compatibility\n",
    "description": "Generate reports of your media library",
    "guid": "d4312cd9-5c90-4f38-82e8-51da566790e8",
    "imageUrl": "https://repo.jellyfin.org/releases/plugin/images/jellyfin-plugin-reports.png",
    "name": "Reports",
    "overview": "Generate reports of your media library",
    "owner": "jellyfin",
    "targetAbi": "10.7.0.0",
    "timestamp": "2021-06-21T21:36:14Z",
    "version": "12.2106.2121.3606"
}