{
    "category": "General",
    "changelog": "- 10.9 (#233) @crobibero\n\n### Dependency updates ###\n- Update dependency StyleCop.Analyzers to v1.2.0-beta.556 (#214) @renovate",
    "description": "Record your watched media with Trakt.\n",
    "guid": "4fe3201e-d6ae-4f2e-8917-e12bda571281",
    "imageUrl": "https://repo.jellyfin.org/releases/plugin/images/jellyfin-plugin-trakt.png",
    "name": "Trakt",
    "overview": "Record your watched media with Trakt",
    "owner": "jellyfin",
    "targetAbi": "10.9.0.0",
    "timestamp": "2024-05-11T19:34:21Z",
    "version": "25.0.0.0"
}