{
    "category": "Metadata",
    "changelog": "- Reduce log noise (#85) @IDisposable\n- Enriched Logging with series name (#84) @JPVenson\n\n### New features and improvements ###\n- Combine Title and Overview of combined episodes. (#86) @haydenstith",
    "description": "Get TV metadata from TheTvdb\n",
    "guid": "a677c0da-fac5-4cde-941a-7134223f14c8",
    "imageUrl": "https://repo.jellyfin.org/releases/plugin/images/jellyfin-plugin-tvdb.png",
    "name": "TheTVDB",
    "overview": "Get TV metadata from TheTvdb",
    "owner": "jellyfin",
    "targetAbi": "10.8.10.0",
    "timestamp": "2023-06-19T20:21:14Z",
    "version": "10.0.0.0"
}