{
    "category": "General",
    "changelog": "- remove jQuery and update to es6 (#78) @grafixeyehero\n- Use Trakt last watched date when importing (#63) @netpok\n- Use System.Text.Json (#61) @Ullmie02\n- chore: plugin images (#76) @h1dden-da3m0n\n- Fix save button label (#72) @Vagab0nd\n- Fix AUTHED_API_POST_LIMIT (#65) @dgalli1\n- chore(deps): bump release-drafter/release-drafter from v5.14.0 to v5.15.0 (#68) @dependabot\n- chore(ci): builds, releas drafter and more (#66) @h1dden-da3m0n\n",
    "description": "Record your watched media with Trakt.\n",
    "guid": "4fe3201e-d6ae-4f2e-8917-e12bda571281",
    "imageUrl": "https://repo.jellyfin.org/releases/plugin/images/jellyfin-plugin-trakt.png",
    "name": "Trakt",
    "overview": "Record your watched media with Trakt",
    "owner": "jellyfin",
    "targetAbi": "10.7.0.0",
    "timestamp": "2021-06-14T05:27:08Z",
    "version": "12.0.0.0"
}