{
    "category": "LiveTV",
    "changelog": "### New features and improvements ###\n- Added Pre-Padding and Post-Padding to settings.  (#57) @lomion0815\n\n### Bug Fixes ###\n- Fix DLNA streaming (#46) @jkellerer\n\n### Code or Repo Maintenance ###\n- Use meta ci (#55) @crobibero\n\n### CI & build changes ###\n- fix: meta ci workflows (#56) @h1dden-da3m0n\n- Use meta ci (#55) @crobibero",
    "description": "Manage TVHeadend from Jellyfin",
    "guid": "3fd018e5-5e78-4e58-b280-a0c068febee0",
    "imageUrl": "https://repo.jellyfin.org/releases/plugin/images/jellyfin-plugin-tvheadend.png",
    "name": "TVHeadend",
    "overview": "Manage TVHeadend from Jellyfin",
    "owner": "jellyfin",
    "targetAbi": "10.8.0.0",
    "timestamp": "2022-06-14T11:11:54Z",
    "version": "11.0.0.0"
}