{
    "category": "Metadata",
    "changelog": "### New features and improvements ###\n- Add automatic invalidation of credentials (#128) @MBR-0001\n- Add handling for .strm files (#124) @MBR-0001\n\n### Bug Fixes ###\n- Add automatic invalidation of credentials (#128) @MBR-0001\n\n### CI & build changes ###\n- fix: meta ci workflows (#106) @h1dden-da3m0n",
    "description": "Download subtitles from the internet to use with your media files.",
    "guid": "4b9ed42f-5185-48b5-9803-6ff2989014c4",
    "imageUrl": "https://repo.jellyfin.org/releases/plugin/images/jellyfin-plugin-opensubtitles.png",
    "name": "Open Subtitles",
    "overview": "Download subtitles for your media",
    "owner": "jellyfin",
    "targetAbi": "10.8.10.0",
    "timestamp": "2023-07-02T17:31:26Z",
    "version": "19.0.0.0"
}