{
    "category": "General",
    "changelog": "### New features and improvements ###\n- Add Genre search (#9) @crobibero\n- Use Request.PathBase to get actual baseUrl (#8) @crobibero\n\n### Code or Repo Maintenance ###\n- Use BaseItemKind (#10) @crobibero\n- Update ruleset, fix build, fix ordering (#3) @crobibero",
    "description": "Provides an OPDS feed for book browsing.\n",
    "guid": "f30880ae-3365-449e-b9e6-bf133c8401b0",
    "imageUrl": "https://repo.jellyfin.org/releases/plugin/images/jellyfin-plugin-opds.png",
    "name": "OPDS",
    "overview": "Provides an OPDS book feed",
    "owner": "jellyfin",
    "targetAbi": "10.8.0.0",
    "timestamp": "2022-01-08T17:24:12Z",
    "version": "3.0.0.0"
}