{
    "category": "Metadata",
    "changelog": "### Code or Repo Maintenance ###\n- 10.8 support (#13) @crobibero",
    "description": "This plugin provides images from the Cover Art Archive https://musicbrainz.org/doc/Cover_Art_Archive and depends on the MusicBrainz metadata provider to know what images belong where\n",
    "guid": "8119f3c6-cfc2-4d9c-a0ba-028f1d93e526",
    "imageUrl": "https://repo.jellyfin.org/releases/plugin/images/jellyfin-plugin-coverartarchive.png",
    "name": "Cover Art Archive",
    "overview": "MusicBrainz Cover Art Archive",
    "owner": "jellyfin",
    "targetAbi": "10.8.0.0",
    "timestamp": "2022-01-07T21:09:46Z",
    "version": "4.0.0.0"
}