{
    "category": "Metadata",
    "changelog": "- 10.9 (#145) @crobibero\n\n### Dependency updates ###\n- chore(deps): update xunit-dotnet monorepo (#117) @renovate",
    "description": "Download subtitles from the internet to use with your media files. (Requires configuration)",
    "guid": "4b9ed42f-5185-48b5-9803-6ff2989014c4",
    "imageUrl": "https://repo.jellyfin.org/releases/plugin/images/jellyfin-plugin-opensubtitles.png",
    "name": "Open Subtitles",
    "overview": "Download subtitles for your media",
    "owner": "jellyfin",
    "targetAbi": "10.9.0.0",
    "timestamp": "2024-05-11T19:23:04Z",
    "version": "20.0.0.0"
}