{
    "category": "Metadata",
    "changelog": "### Bug Fixes ###\n- Changed NormalizationForm to FormC (#45) @sushilicious\n\n### CI & build changes ###\n- Update ci (#42) @h1dden-da3m0n",
    "description": "Get TV metadata from TheTvdb\n",
    "guid": "a677c0da-fac5-4cde-941a-7134223f14c8",
    "imageUrl": "https://repo.jellyfin.org/releases/plugin/images/jellyfin-plugin-tvdb.png",
    "name": "TheTVDB",
    "overview": "Get TV metadata from TheTvdb",
    "owner": "jellyfin",
    "targetAbi": "10.7.0.0",
    "timestamp": "2021-08-07T21:24:50Z",
    "version": "6.0.0.0"
}