{
    "category": "General",
    "changelog": "### New features and improvements ###\n- Handle TV show rewatches (#97) @dulli\n- Don't treat TVDB Id specially for episodes (#93) @SenorSmartyPants\n\n### Code or Repo Maintenance ###\n- Use BaseItemKind (#98) @crobibero\n- Remove all warnings in project (#96) @crobibero",
    "description": "Record your watched media with Trakt.\n",
    "guid": "4fe3201e-d6ae-4f2e-8917-e12bda571281",
    "imageUrl": "https://repo.jellyfin.org/releases/plugin/images/jellyfin-plugin-trakt.png",
    "name": "Trakt",
    "overview": "Record your watched media with Trakt",
    "owner": "jellyfin",
    "targetAbi": "10.8.0.0",
    "timestamp": "2022-01-08T17:25:30Z",
    "version": "14.0.0.0"
}