{
    "category": "Metadata",
    "changelog": "- Map tag \"18 restricted\" to parental rating NC-17 (#48) @nalsai\n- Strip the year from the name for finding matches (#55) @nalsai\n- Add n-apostrophe replacement (#56) @nalsai\n- Add wo replacement (#57) @nalsai",
    "description": "AniDB metadata provider\n",
    "guid": "a2b2a7ed-aa28-4521-a64a-63d86901f246",
    "imageUrl": "https://repo.jellyfin.org/releases/plugin/images/jellyfin-plugin-anidb.png",
    "name": "AniDB",
    "overview": "AniDB metadata provider",
    "owner": "jellyfin",
    "targetAbi": "10.9.4.0",
    "timestamp": "2024-06-02T14:10:34Z",
    "version": "9.0.0.0"
}