{
    "category": "LiveTV",
    "changelog": "### New features and improvements ###\n- chore: plugin images (#37) @h1dden-da3m0n\n\n### CI & build changes ###\n- Update ci (#39) @h1dden-da3m0n\n\n### Code or Repo Maintenance ###\n- reduce log spam and clean up log messages (#41) @Shadowghost\n- Remove jquery (#38) @grafixeyehero",
    "description": "Manage TVHeadend from Jellyfin",
    "guid": "3fd018e5-5e78-4e58-b280-a0c068febee0",
    "imageUrl": "https://repo.jellyfin.org/releases/plugin/images/jellyfin-plugin-tvheadend.png",
    "name": "TVHeadend",
    "overview": "Manage TVHeadend from Jellyfin",
    "owner": "jellyfin",
    "targetAbi": "10.7.0.0",
    "timestamp": "2021-09-03T11:05:07Z",
    "version": "9.0.0.0"
}