{
    "category": "Metadata",
    "changelog": "- 10.9 (#64) @crobibero\n\n### New features and improvements ###\n- Make series.xml cache age user configurable (#44) @Scholars-Mate\n\n### Bug Fixes ###\n- Detect api errors and throw exception (#42) @nalsai\n\n### Code or Repo Maintenance ###\n- Update link to Jellyfin website (#62) @methbkts",
    "description": "AniDB metadata provider\n",
    "guid": "a2b2a7ed-aa28-4521-a64a-63d86901f246",
    "imageUrl": "https://repo.jellyfin.org/releases/plugin/images/jellyfin-plugin-anidb.png",
    "name": "AniDB",
    "overview": "AniDB metadata provider",
    "owner": "jellyfin",
    "targetAbi": "10.9.0.0",
    "timestamp": "2024-05-11T19:36:21Z",
    "version": "8.0.0.0"
}