{
    "category": "Metadata",
    "changelog": "changelog\n",
    "description": "This plugin provides images from the Cover Art Archive https://musicbrainz.org/doc/Cover_Art_Archive and depends on the MusicBrainz metadata provider to know what images belong where\n",
    "guid": "8119f3c6-cfc2-4d9c-a0ba-028f1d93e526",
    "name": "Cover Art Archive",
    "overview": "MusicBrainz Cover Art Archive",
    "owner": "jellyfin",
    "targetAbi": "10.6.0.0",
    "timestamp": "2020-11-22T19:37:36Z",
    "version": "1.2011.2219.3729"
}