{
    "category": "General",
    "changelog": "- Update README.md (#188) @methbkts\n\n### New features and improvements ###\n- Fix episode matching for sync from trakt task (#191) @h3llrais3r\n\n### Bug Fixes ###\n- Fix episode matching for sync from trakt task (#191) @h3llrais3r",
    "description": "Record your watched media with Trakt.\n",
    "guid": "4fe3201e-d6ae-4f2e-8917-e12bda571281",
    "imageUrl": "https://repo.jellyfin.org/releases/plugin/images/jellyfin-plugin-trakt.png",
    "name": "Trakt",
    "overview": "Record your watched media with Trakt",
    "owner": "jellyfin",
    "targetAbi": "10.8.8.0",
    "timestamp": "2022-12-28T16:26:21Z",
    "version": "22.0.0.0"
}