{
    "category": "General",
    "changelog": "### Code or Repo Maintenance ###\n- 10.8 support (#59) @crobibero\n- Use meta ci (#57) @crobibero\n\n### CI & build changes ###\n- Use meta ci (#57) @crobibero",
    "description": "Collect and show user play statistics",
    "guid": "5c534381-91a3-43cb-907a-35aa02eb9d2c",
    "imageUrl": "https://repo.jellyfin.org/releases/plugin/images/jellyfin-plugin-playbackreporting.png",
    "name": "Playback Reporting",
    "overview": "Collect and show user play statistics",
    "owner": "jellyfin",
    "targetAbi": "10.8.0.0",
    "timestamp": "2022-03-27T20:34:12Z",
    "version": "12.0.0.0"
}