{
    "category": "Notifications",
    "changelog": "### New features and improvements ###\n- Add tagline as available parameter (#68) @crobibero\n- Add Form Post support (#65) @crobibero\n\n### Bug Fixes ###\n- Fix Discord.handlebars template (#66) @crobibero\n- Fix string conversion for unbound properties (#62) @crobibero",
    "description": "Sends notifications to destinations via webhooks.\n",
    "guid": "71552a5a-5c5c-4350-a2ae-ebe451a30173",
    "imageUrl": "https://repo.jellyfin.org/releases/plugin/images/jellyfin-plugin-webhook.png",
    "name": "Webhook",
    "overview": "Sends notifications.",
    "owner": "jellyfin",
    "targetAbi": "10.7.7.0",
    "timestamp": "2021-09-16T20:39:37Z",
    "version": "7.0.0.0"
}