{
    "category": "LiveTV",
    "changelog": "### Code or Repo Maintenance ###\n- 10.8 support (#42) @crobibero",
    "description": "Manage TVHeadend from Jellyfin",
    "guid": "3fd018e5-5e78-4e58-b280-a0c068febee0",
    "imageUrl": "https://repo.jellyfin.org/releases/plugin/images/jellyfin-plugin-tvheadend.png",
    "name": "TVHeadend",
    "overview": "Manage TVHeadend from Jellyfin",
    "owner": "jellyfin",
    "targetAbi": "10.8.0.0",
    "timestamp": "2022-01-08T17:25:55Z",
    "version": "10.0.0.0"
}