{
    "category": "General",
    "changelog": "### Bug Fixes ###\n- Catch exception when extracting (#1) @crobibero",
    "description": "Extracts embedded subtitles.\n",
    "guid": "cd893c24-b59e-4060-87b2-184070e1bf68",
    "imageUrl": "https://repo.jellyfin.org/releases/plugin/images/jellyfin-plugin-subtitleextract.png",
    "name": "Subtitle Extract",
    "overview": "Extracts Subtitles.",
    "owner": "jellyfin",
    "targetAbi": "10.8.1.0",
    "timestamp": "2022-09-12T22:53:29Z",
    "version": "2.0.0.0"
}