{
    "category": "General",
    "changelog": "- 10.9 (#82) @crobibero\n\n### New features and improvements ###\n- Add XLSX Excel As Export Option (#74) @mwildgoose\n\n### Dependency updates ###\n- chore(deps): update dependency closedxml to v0.97.0 (#76) @renovate",
    "description": "Generate reports of your media library",
    "guid": "d4312cd9-5c90-4f38-82e8-51da566790e8",
    "imageUrl": "https://repo.jellyfin.org/releases/plugin/images/jellyfin-plugin-reports.png",
    "name": "Reports",
    "overview": "Generate reports of your media library",
    "owner": "jellyfin",
    "targetAbi": "10.9.0.0",
    "timestamp": "2024-05-11T19:34:15Z",
    "version": "16.0.0.0"
}