{
    "category": "General",
    "changelog": "### New features and improvements ###\n- Implement handling of update events and progress sync, fix scheduled tasks (#120) @Shadowghost\n- Add pagination to scheduled tasks (#111) @crobibero\n- Implement deauth (#114) @Shadowghost\n- Sync Pause and Resume, enable analyzers (#112) @Shadowghost\n\n### Bug Fixes ###\n- Implement handling of update events and progress sync, fix scheduled tasks (#120) @Shadowghost\n- Send pause instead of stop on uncompleted playback to prevent scrobble (#117) @Shadowghost\n- Require success response before deserializing (#115) @crobibero\n\n### Code or Repo Maintenance ###\n- Switch to native episode number check and datetime string conversion (#124) @Shadowghost\n- Fix codeql warnings (#123) @crobibero\n- Use file-scoped namespace everywhere (#122) @crobibero\n- Migrate API to use enums, update properties (#118) @Shadowghost\n- Update .Net version in readme (#119) @sambartik",
    "description": "Record your watched media with Trakt.\n",
    "guid": "4fe3201e-d6ae-4f2e-8917-e12bda571281",
    "imageUrl": "https://repo.jellyfin.org/releases/plugin/images/jellyfin-plugin-trakt.png",
    "name": "Trakt",
    "overview": "Record your watched media with Trakt",
    "owner": "jellyfin",
    "targetAbi": "10.8.0.0",
    "timestamp": "2022-04-24T19:31:08Z",
    "version": "16.0.0.0"
}