{
    "category": "Metadata",
    "changelog": "- Split out from the Anime plugin\n- Unpin patch version of DependencyInjection\n",
    "description": "AniList metadata provider\n",
    "guid": "1bd22884-44be-40f3-ad95-fc4a7834ba2c",
    "imageUrl": "https://repo.jellyfin.org/releases/plugin/images/jellyfin-plugin-anilist.png",
    "name": "AniList",
    "overview": "AniList metadata provider",
    "owner": "jellyfin",
    "targetAbi": "10.7.0.0",
    "timestamp": "2021-06-18T15:53:31Z",
    "version": "2.2106.1815.5322"
}