{
    "category": "Metadata",
    "changelog": "### New features and improvements ###\n- Add original title preference option (#7) @robertgzr\n- Add native Japanese title to the original title field (#4) @ayyu\n- Add option to hide tags that are marked as spoilers (#5) @sqlstatement\n\n### Dependency updates ###\n- chore(deps): bump release-drafter/release-drafter from v5.14.0 to v5.15.0 (#6) @dependabot\n\n### CI & build changes ###\n- Update ci (#11) @h1dden-da3m0n\n- Let there be CI (#3) @oddstr13\n\n### Code or Repo Maintenance ###\n- chore: plugin images (#8) @h1dden-da3m0n",
    "description": "AniList metadata provider\n",
    "guid": "1bd22884-44be-40f3-ad95-fc4a7834ba2c",
    "imageUrl": "https://repo.jellyfin.org/releases/plugin/images/jellyfin-plugin-anilist.png",
    "name": "AniList",
    "overview": "AniList metadata provider",
    "owner": "jellyfin",
    "targetAbi": "10.7.7.0",
    "timestamp": "2021-09-07T21:33:18Z",
    "version": "3.0.0.0"
}