{
    "category": "General",
    "changelog": "- 10.9 (#82) @crobibero\n\n### New features and improvements ###\n- Order default query usefully & checkbox by default (#66) @michaelkrieger\n\n### Bug Fixes ###\n- Fix DirectoryBrowser (#76) @MBR-0001",
    "description": "Collect and show user play statistics",
    "guid": "5c534381-91a3-43cb-907a-35aa02eb9d2c",
    "imageUrl": "https://repo.jellyfin.org/releases/plugin/images/jellyfin-plugin-playbackreporting.png",
    "name": "Playback Reporting",
    "overview": "Collect and show user play statistics",
    "owner": "jellyfin",
    "targetAbi": "10.9.0.0",
    "timestamp": "2024-05-11T19:34:26Z",
    "version": "14.0.0.0"
}