{
    "category": "Metadata",
    "changelog": "- Split out from the Anime plugin\n- Remove dependency on DependencyInjection\n",
    "description": "Kitsu metadata provider\n",
    "guid": "88d809e2-056b-47f4-9911-073949b9963f",
    "imageUrl": "https://repo.jellyfin.org/releases/plugin/images/jellyfin-plugin-kitsu.png",
    "name": "Kitsu",
    "overview": "Kitsu metadata provider",
    "owner": "jellyfin",
    "targetAbi": "10.7.0.0",
    "timestamp": "2021-08-24T14:12:15Z",
    "version": "2.2108.2414.1201"
}