{
    "category": "LiveTV",
    "changelog": "### Code or Repo Maintenance ###\n- More  changes for 10.8 beta (#39) @emveepee\n- Use meta ci (#36) @crobibero\n\n### CI & build changes ###\n- Use meta ci (#36) @crobibero",
    "description": "Provides access to live TV, program guide, and recordings from NextPVR.\n",
    "guid": "9574ac10-bf23-49bc-949f-924f23cfa48f",
    "imageUrl": "https://repo.jellyfin.org/releases/plugin/images/jellyfin-plugin-nextpvr.png",
    "name": "NextPVR",
    "overview": "Live TV plugin for NextPVR",
    "owner": "jellyfin",
    "targetAbi": "10.8.0.0",
    "timestamp": "2022-04-07T21:31:11Z",
    "version": "8.0.0.0"
}