{
    "category": "Metadata",
    "changelog": "- 10.9 (#21) @crobibero\n\n### Code or Repo Maintenance ###\n- Update link to Jellyfin website (#20) @methbkts\n\n### Dependency updates ###\n- chore(deps): update dependency stylecop.analyzers to v1.2.0-beta.435 (#16) @renovate\n\n### CI & build changes ###\n- fix: meta ci workflows (#14) @h1dden-da3m0n",
    "description": "Get Music Video metadata from IMVDb\n",
    "guid": "e29621a5-fa9e-4330-982e-ef6e54c0cad2",
    "name": "IMVDb",
    "overview": "Get Music Video metadata from IMVDb",
    "owner": "jellyfin",
    "targetAbi": "10.9.0.0",
    "timestamp": "2024-05-11T19:35:00Z",
    "version": "4.0.0.0"
}