{
    "category": "Metadata",
    "changelog": "### Bug Fixes ###\n- Fix double slash in API URL's causing the plugin to never work (#20) @nielsvanvelzen\n\n### Dependency updates ###\n- chore(deps): update dependency stylecop.analyzers to v1.2.0-beta.435 (#15) @renovate\n\n### CI & build changes ###\n- fix: meta ci workflows (#13) @h1dden-da3m0n",
    "description": "Adds support for VGMdb to music libraries. Can provide both images and metadata for artists and albums.\n",
    "guid": "44616595-5798-47ad-8658-3c09f3030505",
    "name": "VGMdb",
    "overview": "Adds support for VGMdb to music libraries. Can provide both images and metadata for artists and albums.",
    "owner": "jellyfin",
    "targetAbi": "10.8.13.0",
    "timestamp": "2023-12-21T21:44:35Z",
    "version": "3.0.0.0"
}