{
    "category": "Metadata",
    "changelog": "### New features and improvements ###\n- Add AniDbExternalEpisodeId (#32) @Nalsai\n- Add support for \"Mahoutsukai\" and fix \"Gekijyouban\" (#31) @Nalsai\n\n### Bug Fixes ###\n- Fix automatically detecting Movies (#38) @Nalsai\n- Add support for \"Mahoutsukai\" and fix \"Gekijyouban\" (#31) @Nalsai\n\n### CI & build changes ###\n- fix: meta ci workflows (#35) @h1dden-da3m0n",
    "description": "AniDB metadata provider\n",
    "guid": "a2b2a7ed-aa28-4521-a64a-63d86901f246",
    "imageUrl": "https://repo.jellyfin.org/releases/plugin/images/jellyfin-plugin-anidb.png",
    "name": "AniDB",
    "overview": "AniDB metadata provider",
    "owner": "jellyfin",
    "targetAbi": "10.8.1.0",
    "timestamp": "2022-07-09T15:23:50Z",
    "version": "7.0.0.0"
}