{
    "category": "Metadata",
    "changelog": "- Use BaseItemKind (#56) @crobibero\n\n### Bug Fixes ###\n- Update TMDbBoxSetManager.cs (#49) @WWWesten",
    "description": "Automatically create movie box sets based on TMDb collections",
    "guid": "bc4aad2e-d3d0-4725-a5e2-fd07949e5b42",
    "name": "TMDb Box Sets",
    "overview": "Automatically create movie box sets based on TMDb collections",
    "owner": "jellyfin",
    "targetAbi": "10.8.0.0",
    "timestamp": "2022-01-05T04:41:05Z",
    "version": "8.0.0.0"
}