{
    "category": "Metadata",
    "changelog": "- 10.9 (#134) @crobibero\n- Use ILocalizationManager instead of forming own country and iso6392 lists (#128) @scampower3\n- Don't retrieve tvdbId for episode if there is tvdbid already provided (#127) @scampower3\n- Prevent images with no language tag to have same priority as matched language (#126) @scampower3\n- Grab non alias name instead of first one that matches the language (#125) @scampower3\n- Fixes some cache key clashes and other improvements. (#123) @scampower3\n- Fixes some poorly named variables and label \"for\" tag fixes (#122) @scampower3\n- Remove required from the input for API key (#121) @scampower3\n- Add cache time configurations (#120) @scampower3\n- Add Caching for api calls (#118) @scampower3\n- Fix: Combine original titles for multi episode files (#117) @scampower3\n- Fixes issues retrieving episode metadata (#116) @scampower3\n- Improvements and fixes tvdb sdk 4.7.9.1 + PR #112 (#115) @BobSilent\n\n### Major features and improvements ###\n- Tvdb v4 migration (#93) @scampower3\n\n### New features and improvements ###\n- Feat: Add a polling task to check for update via the update api endpoint (#124) @scampower3\n\n### Bug Fixes ###\n- Update to Tvdb sdk 4.7.9.1 (#113) @scampower3\n- Fix duplicate entries Missing and not Missing (#106) @BobSilent\n- Fixes for tvdb v4 migration (#110) @BobSilent\n- Don't require user pin (#108) @crobibero\n\n### Code or Repo Maintenance ###\n- Make Tvdb Client usage more resilient and robust (#112) @BobSilent\n- Add the project's api key (#107) @crobibero\n- Update link to Jellyfin website (#103) @methbkts",
    "description": "Get TV metadata from TheTvdb\n",
    "guid": "a677c0da-fac5-4cde-941a-7134223f14c8",
    "imageUrl": "https://repo.jellyfin.org/releases/plugin/images/jellyfin-plugin-tvdb.png",
    "name": "TheTVDB",
    "overview": "Get TV metadata from TheTvdb",
    "owner": "jellyfin",
    "targetAbi": "10.9.0.0",
    "timestamp": "2024-05-11T19:29:00Z",
    "version": "11.0.0.0"
}