{
    "category": "Metadata",
    "changelog": "- 10.9 (#23) @crobibero",
    "description": "Adds support for VGMdb to music libraries. Can provide both images and metadata for artists and albums.\n",
    "guid": "44616595-5798-47ad-8658-3c09f3030505",
    "name": "VGMdb",
    "overview": "Adds support for VGMdb to music libraries. Can provide both images and metadata for artists and albums.",
    "owner": "jellyfin",
    "targetAbi": "10.9.0.0",
    "timestamp": "2024-05-11T19:36:32Z",
    "version": "4.0.0.0"
}