{
    "category": "Metadata",
    "changelog": "### New features and improvements ### - Expand ComicInfo support and add support for comic covers (#34) @MinecraftPlaye - Use System.Text.Json (#29) @daullmer ### Dependency updates ### - chore(deps): bump release-drafter/release-drafter from v5.14.0 to v5.15.0 (#32) @dependabot ### CI & build changes ### - chore(ci): builds, releas drafter and more (#31) @h1dden-da3m0n\n",
    "description": "Supports several different metadata providers and options for organizing your collection.\n",
    "guid": "9c4e63f1-031b-4f25-988b-4f7d78a8b53e",
    "name": "Bookshelf",
    "overview": "Manage your books",
    "owner": "jellyfin",
    "targetAbi": "10.7.7.0",
    "timestamp": "2021-10-31T02:05:24Z",
    "version": "6.0.0.0"
}