{
    "category": "LiveTV",
    "changelog": "- Fixed TV Recording channel for 10.9  (#81) @lomion0815\n- Fix live stream not working with 10.9 (#80) @lomion0815\n- Update for 10.9 - Step 1 (#78) @lomion0815\n- Stop Async connection handler threads if remote host has closed the connection. (#74) @Charlese2",
    "description": "Manage TVHeadend from Jellyfin",
    "guid": "3fd018e5-5e78-4e58-b280-a0c068febee0",
    "imageUrl": "https://repo.jellyfin.org/releases/plugin/images/jellyfin-plugin-tvheadend.png",
    "name": "TVHeadend",
    "overview": "Manage TVHeadend from Jellyfin",
    "owner": "jellyfin",
    "targetAbi": "10.9.2.0",
    "timestamp": "2024-05-20T13:16:24Z",
    "version": "12.0.0.0"
}